structure,length,C-V ratio,count
CVV,3,0.50,26182
CV,2,1.00,26009
CVVV,4,0.33,25150
VVV,3,0.00,24964
CVCV,4,1.00,22634
VV,2,0.00,21555
VVVV,4,0.00,17884
VVCV,4,0.33,14463
VCV,3,0.50,14452
CVC,3,2.00,11743
CVVVV,5,0.25,7995
VVC,3,0.50,7432
CVCVV,5,0.67,6566
VVVVV,5,0.00,5943
CVVCV,5,0.67,5622
VCVV,4,0.33,5240
VVCVV,5,0.25,4510
VVVCV,5,0.25,4386
CVVVC,5,0.67,3580
CVCVVV,6,0.50,3559
VC,2,1.00,3323
VCVVV,5,0.25,3194
CVVVVV,6,0.20,3173
CVCVC,5,1.50,3066
CVVC,4,1.00,2685
V,1,0.00,2684
VCVCV,5,0.67,2489
CVVVCV,6,0.50,2463
VVVC,4,0.33,2434
VVVVVV,6,0.00,2154
VVCVVV,6,0.20,2144
VCVC,4,1.00,2048
CVCVCV,6,1.00,1998
CVVCVV,6,0.50,1902
VVCVC,5,0.67,1863
VVVVC,5,0.25,1659
VVVVCV,6,0.20,1524
CCV,3,2.00,1409
CVCCV,5,1.50,1364
VVVCVV,6,0.20,1363
VVCVCV,6,0.50,1302
CCVV,4,1.00,987
VVCCV,5,0.67,849
VCCV,4,1.00,845
CVVCVVV,7,0.40,843
CVVVVVV,7,0.17,745
VVVCVVV,7,0.17,700
CVCCVV,6,1.00,682
CVVCVC,6,1.00,672
VVVVVVV,7,0.00,663
CCVVV,5,0.67,654
VCVVCV,6,0.50,630
VCVVVV,6,0.20,618
CVVVVCV,7,0.40,594
CVCVVVV,7,0.40,587
CVVVVC,6,0.50,556
CVVVCVV,7,0.40,553
CVCC,4,3.00,551
VVVCVC,6,0.50,546
CVCVCVV,7,0.75,492
VVVVCVV,7,0.17,482
VVCVVVV,7,0.17,464
CVVCVCV,7,0.75,435
VCVCVV,6,0.50,423
VVVVVC,6,0.20,420
VCCVV,5,0.67,401
CCVCV,5,1.50,395
VVCVCVV,7,0.40,382
VVVVVCV,7,0.17,382
CVCVVC,6,1.00,371
CVVVCVVV,8,0.33,363
CCVC,4,3.00,354
CVCVVCV,7,0.75,348
VVVCVCV,7,0.40,330
VCVCVVV,7,0.40,323
VVCCVV,6,0.50,317
VCVVC,5,0.67,308
VVCVVC,6,0.50,292
VCVVVVV,7,0.17,288
VVCC,4,1.00,278
VVCVVCV,7,0.40,272
CVCVVVVV,8,0.33,269
CVCCVC,6,2.00,268
CVCVVVC,7,0.75,267
CVCVCVCV,8,1.00,266
VVVVVVVV,8,0.00,265
CVVVCVC,7,0.75,260
CVVVVVC,7,0.40,248
VCC,3,2.00,228
VCVVVCV,7,0.40,223
VVCVVVC,7,0.40,219
VVCVVVCV,8,0.33,219
C,1,C-only,216
VVVVCVVV,8,0.14,216
VCCVC,5,1.50,212
CVCVCVVV,8,0.60,212
CVVVCVCV,8,0.60,211
CVVVVVVV,8,0.14,201
CVCVVVCV,8,0.60,199
VCVVVC,6,0.50,197
CCVVVV,6,0.50,196
CVCVCVC,7,1.33,196
VCVCVCV,7,0.75,192
CVVVVCVV,8,0.33,188
VVCVVVVV,8,0.14,187
CVVCVVVV,8,0.33,186
VCCVVV,6,0.50,180
CCVVCV,6,1.00,179
VVCVCVVV,8,0.33,178
VVVCVVVV,8,0.14,172
VCVCVC,6,1.00,168
VVVVCVC,7,0.40,165
VVCCVC,6,1.00,164
CVVCCV,6,1.00,162
VVCVCVC,7,0.75,149
CVCCVVV,7,0.75,143
VVVVVCVV,8,0.14,139
CVVVVVCV,8,0.33,129
VVVVVVCV,8,0.14,129
VVCVCVCV,8,0.60,128
CCVCVV,6,1.00,127
VVVVVVC,7,0.17,120
VVVCCV,6,0.50,119
CVCCVCV,7,1.33,113
CCVVVVV,7,0.40,111
CVVCVVC,7,0.75,108
VCCVCV,6,1.00,107
CVVCVCVV,8,0.60,107
CVVVCCV,7,0.75,106
VVVVCVCV,8,0.33,106
VVCCVVV,7,0.40,105
CCVVC,5,1.50,103
CVCVVCVV,8,0.60,101
CCVCCV,6,2.00,96
VCVVCVV,7,0.40,94
CCVVVC,6,1.00,87
CVCVCCV,7,1.33,84
VVVCVVCV,8,0.33,83
CVVCC,5,1.50,82
VVVCVVC,7,0.40,82
CVVCVVCV,8,0.60,81
VVVCVCVV,8,0.33,81
CVVCCVV,7,0.75,78
CVVVVCVVV,9,0.29,78
VVCVVCVV,8,0.33,77
VCVCCV,6,1.00,74
VVVVVCVVV,9,0.12,74
VCVVCVVV,8,0.33,72
VVVCCVV,7,0.40,70
VVCVVCVC,8,0.60,70
CCVCVC,6,2.00,68
VCVVVVVV,8,0.14,66
VVVVVVVVV,9,0.00,62
CCVVCVV,7,0.75,61
VVCCVCV,7,0.75,61
CVVVCVVVV,9,0.29,61
VVCVVVCVV,9,0.29,61
CVVVCC,6,1.00,60
CVCCCVV,7,1.33,59
VCVVCVC,7,0.75,59
CVVCVVVC,8,0.60,58
CVVVVVCVV,9,0.29,56
VCCVVVV,7,0.40,54
CVVCVVVCV,9,0.50,53
CVCCCV,6,2.00,52
VCCVCVV,7,0.75,52
VVVVCCV,7,0.40,51
VCVVVCVV,8,0.33,50
VCVCVVVV,8,0.33,49
VVVCVVVVV,9,0.12,49
VVVVVCVC,8,0.33,48
VVCVCCV,7,0.75,47
CVVVVVVC,8,0.33,47
CVVVVVVVV,9,0.12,47
CVCVCC,6,2.00,45
CVVCVVVVV,9,0.29,45
VVCVVVVVV,9,0.12,45
CC,2,C-only,44
CVCVVVVCV,9,0.50,44
VVVVCVVVV,9,0.12,44
VCVVVVC,7,0.40,43
CVCVCVCVV,9,0.80,43
CCCV,4,3.00,42
CCVCVVV,7,0.75,42
CVCCVVVV,8,0.60,42
VCVVVVCV,8,0.33,42
CVCVVVVVV,9,0.29,41
CVCVVVVC,8,0.60,40
VCVCVCVV,8,0.60,40
CVVCVCVVV,9,0.50,40
VVCVCVVVV,9,0.29,40
VVVVVVVCV,9,0.12,40
CVVCVCVC,8,1.00,39
CVVVVCVC,8,0.60,38
CVVVCVVCV,9,0.50,38
CVVVVVVCV,9,0.29,38
VVVCVVVC,8,0.33,37
VVVCVCVVV,9,0.29,37
VCVCC,5,1.50,36
VCCVVCV,7,0.75,36
CVCVVCVC,8,1.00,36
CVVCCVVV,8,0.60,36
VVVCVCVC,8,0.60,36
VVVVVVVC,8,0.14,36
CVVCVCVCV,9,0.80,36
VVVCVVVCV,9,0.29,36
CCCVV,5,1.50,35
CVCVCCVV,8,1.00,35
VVCCVVVV,8,0.33,35
VCVVVCVVV,9,0.29,35
VCVVCVCV,8,0.60,34
CVCVCVVVV,9,0.50,34
CVCVVVCVV,9,0.50,34
VVVCC,5,0.67,33
VVCVVCVVV,9,0.29,33
VVVVCVVCV,9,0.29,33
CCVCCVV,7,1.33,32
CCVCVCV,7,1.33,32
CVCVVCVVV,9,0.50,32
VVCCCV,6,1.00,31
VCCVVVVV,8,0.33,31
VVCVCVCVV,9,0.50,31
VVVCVCVCV,9,0.50,31
CVCCVCVV,8,1.00,30
VCVVVVVVV,9,0.12,30
VCVCVVC,7,0.75,29
CVCVVCVCV,9,0.80,29
VVCVVVVCV,9,0.29,29
VVVVVVCVV,9,0.12,29
VVCVVVCVVV,10,0.25,27
VCVCVVCV,8,0.60,26
CVVVCVCVV,9,0.50,26
VCVVVCVCV,9,0.50,26
VVVCVVCVV,9,0.29,26
CVCVVVCVCV,10,0.67,26
CVCVVVVVVV,10,0.25,26
CVVVCVCVVV,10,0.43,26
CVVVCVVVVV,10,0.25,26
VVVVVVVVVV,10,0.00,26
CVVVCVVC,8,0.60,25
VVCVCVVC,8,0.60,25
VVVVCVVC,8,0.33,25
CVCVCVVCV,9,0.80,25
CVVVCVVVC,9,0.50,25
CVCCC,5,4.00,24
CCVVVCV,7,0.75,24
VVCCCVV,7,0.75,24
CVCCVVCV,8,1.00,24
CVVVVCCV,8,0.60,24
VCVVVVVC,8,0.33,24
VVCVCCVV,8,0.60,24
VVVCCVVV,8,0.33,24
CVVVVCVCV,9,0.50,24
VCVCVVVVV,9,0.29,24
CVVVVCVVVV,10,0.25,24
CVVVVVVVVV,10,0.11,24
CVVCCVC,7,1.33,23
CVVVCCVC,8,1.00,23
VVCVVVVC,8,0.33,23
CVVCVVCVV,9,0.50,23
VVVVCVCVV,9,0.29,23
CVVCVCVVCV,10,0.67,23
CVVVCCVV,8,0.60,22
VCCVVC,6,1.00,21
VVCCVVC,7,0.75,21
CVCVCVVVVV,10,0.43,21
VVCVCVVVVV,10,0.25,21
VVVCVVVVVV,10,0.11,21
CCVCC,5,4.00,20
VCCVCCV,7,1.33,20
VCCVCVC,7,1.33,20
VCCVVVC,7,0.75,20
VVVVCVVVC,9,0.29,20
CVCVCVCVCV,10,1.00,20
CVCVCVCVVV,10,0.67,20
CVCVVVVVCV,10,0.43,20
VVCVVVVVCV,10,0.25,20
VVVVCVVVVV,10,0.11,20
CCVVCCV,7,1.33,19
VCVCCVV,7,0.75,19
VCVVCCV,7,0.75,19
CVCVCVVC,8,1.00,19
VCVCVCVC,8,1.00,19
VVCCVCVV,8,0.60,19
VVCVCVVCV,9,0.50,19
CVCVCVVVCV,10,0.67,19
CVVVCVCVCV,10,0.67,19
VVCVVCVVVV,10,0.25,19
VCCCV,5,1.50,18
VVVVCC,6,0.50,18
CVCCVVC,7,1.33,18
VCVCVVVCV,9,0.50,18
VCVVVVVCV,9,0.29,18
CVCVVVCVVV,10,0.43,18
CVVVVVCVVV,10,0.25,18
VVCVCVCVCV,10,0.67,18
VVVCVVVVCV,10,0.25,18
CCVVCVVV,8,0.60,17
CVCVCCVC,8,1.67,17
CVVCCCVV,8,1.00,17
VCVVVCVC,8,0.60,17
VVCCVCVC,8,1.00,17
CVCVVVCVC,9,0.80,17
CVVVVVVVC,9,0.29,17
VCVCVCVCV,9,0.80,17
VCVCVCVVV,9,0.50,17
CVVVCVVVCV,10,0.43,17
CVVVVVVCVV,10,0.25,17
CVCVVCC,7,1.33,16
CVVCCVCV,8,1.00,16
VCCVCVVV,8,0.60,16
VVCCVVVC,8,0.60,16
VVVCCCVV,8,0.60,16
CVVCCVVVV,9,0.50,16
VVVVCVCVC,9,0.50,16
CVCVVCVVVV,10,0.43,16
CVVCVVCVVV,10,0.43,16
VVVCVVCVVV,10,0.25,16
CCVVCVC,7,1.33,15
CVVCCCV,7,1.33,15
VVVCCVC,7,0.75,15
CCVCVVCV,8,1.00,15
CVCCVVCVV,9,0.80,15
CVCVCVCVC,9,1.25,15
CVVVCVCVC,9,0.80,15
CVVCVVVCVV,10,0.43,15
CCCVC,5,4.00,14
CCVCVVC,7,1.33,14
VCVCCVC,7,1.33,14
CVCCVCVC,8,1.67,14
CVVCVCCV,8,1.00,14
VVVVCCVV,8,0.33,14
VVCVVCVVC,9,0.50,14
CVVVCVVCVV,10,0.43,14
VVVVVCVVVV,10,0.11,14
CCC,3,C-only,13
VVCVCC,6,1.00,13
CCVVVCVV,8,0.60,13
CVVCCVVC,8,1.00,13
VVCVCCVC,8,1.00,13
CVCCVVVVV,9,0.50,13
CVCVCVVVC,9,0.80,13
VVCVCVCVC,9,0.80,13
VVCVVCVCV,9,0.50,13
VVVVVVVVC,9,0.12,13
CVVCVVVVVV,10,0.25,13
VVCVCVVVCV,10,0.43,13
VVCVVVVVVV,10,0.11,13
VVCCC,5,1.50,12
CCVVCC,6,2.00,12
CVCCVCC,7,2.50,12
CVVCVCC,7,1.33,12
CCVVCCVV,8,1.00,12
VCCVVVCV,8,0.60,12
CVCCVCVVV,9,0.80,12
CVCVCCVVV,9,0.80,12
CVCVVVVVC,9,0.50,12
CVVVCCVVV,9,0.50,12
VVCVVVVVC,9,0.29,12
VVVVVCVCV,9,0.29,12
CVCVVVVCVV,10,0.43,12
VVVVVVCVVV,10,0.11,12
CCVVVVC,7,0.75,11
CVCCVVVC,8,1.00,11
VCVVVCCV,8,0.60,11
VVVVVCCV,8,0.33,11
CCVCVCCVV,9,1.25,11
VCVVCVVVV,9,0.29,11
CVVCVVVVCV,10,0.43,11
CVVVVVVVCV,10,0.25,11
VVVVCVVVCV,10,0.25,11
CVCCCVVV,8,1.00,10
VVVCCVCV,8,0.60,10
CVVCVVCVC,9,0.80,10
CVVCVVVVC,9,0.50,10
CVVVVVCCV,9,0.50,10
VVCCVVVVV,9,0.29,10
VVCVCCVCV,9,0.80,10
CVCVVCVCVV,10,0.67,10
CVVCVCVVVV,10,0.43,10
CVVVVCVCVV,10,0.43,10
CVVVVVCVCV,10,0.43,10
VCVCVVVVCV,10,0.43,10
VVCVVVCVCV,10,0.43,10
VVVCVCVVVV,10,0.25,10
VVVVCVCVVV,10,0.25,10
VVVVVVVVCV,10,0.11,10
CVVVCVVVVVV,11,0.22,10
VCCC,4,3.00,9
VVVVVCC,7,0.40,9
CCVCCCVV,8,1.67,9
CVCCVCCV,8,1.67,9
VCVCCVCV,8,1.00,9
VVVCVCCV,8,0.60,9
CVVVVCVVC,9,0.50,9
CVVVVVCVC,9,0.50,9
VCVVVVCVV,9,0.29,9
VVCVCVVVC,9,0.50,9
VCVVVVCVVV,10,0.25,9
VVVCVVVCVVV,11,0.22,9
CCCVVV,6,1.00,8
VCCCVV,6,1.00,8
VCVVCC,6,1.00,8
CVVVVCC,7,0.75,8
VVCVVCC,7,0.75,8
CCVVCVCV,8,1.00,8
CCVVVCCV,8,1.00,8
CVCVVCCV,8,1.00,8
VCVCCVVV,8,0.60,8
VCVCVVVC,8,0.60,8
VVCCVVCV,8,0.60,8
CVCVVVCCV,9,0.80,8
CVVVCCVCV,9,0.80,8
VVCVVVCVC,9,0.50,8
VVVCVVCVC,9,0.50,8
VVVCVVVVC,9,0.29,8
CVCVVVVVVC,10,0.43,8
CVVVCVVCVC,10,0.67,8
VVCVCVCVVV,10,0.43,8
VVCVVCVCVV,10,0.43,8
CVVVCVVVCVV,11,0.38,8
CCCVCV,6,2.00,7
CCVCCVVV,8,1.00,7
CCVCVVVC,8,1.00,7
CVVVCVCC,8,1.00,7
VVCCVCCV,8,1.00,7
CCVCCCVVV,9,1.25,7
CVCVVCCVV,9,0.80,7
CVVCCVVVC,9,0.80,7
CVVCVCCVV,9,0.80,7
CVVCVCVVC,9,0.80,7
CVVVCVCCV,9,0.80,7
VCCVVVVVC,9,0.50,7
VCVVCVCVC,9,0.80,7
VCVVCVVCV,9,0.50,7
VVCCVCVVV,9,0.50,7
VVCCVVCVV,9,0.50,7
VVVVCCVCV,9,0.50,7
VVVVVVCVC,9,0.29,7
VVVCVCVVCV,10,0.43,7
VVVVVCVVVC,10,0.25,7
VVVVVVVCVV,10,0.11,7
CVVCVVVCVCV,11,0.57,7
CVVCVVVCVVV,11,0.38,7
CVVVVCVVVVV,11,0.22,7
VVVVCVCVVVV,11,0.22,7
VVVVVVVVVVV,11,0.00,7
CCVCCVC,7,2.50,6
VVCCCVC,7,1.33,6
VVVCVCC,7,0.75,6
CCVVVCVC,8,1.00,6
CCVVVVCV,8,0.60,6
VCCVCVCV,8,1.00,6
VCCVVCVV,8,0.60,6
VCCVVVVC,8,0.60,6
VCVCVCCV,8,1.00,6
VCVVCVVC,8,0.60,6
VVCVVCCV,8,0.60,6
CCVCCVCVV,9,1.25,6
CCVVVVVCV,9,0.50,6
CCVVVVVVV,9,0.29,6
CVCVCCVCV,9,1.25,6
VVCCVVVCV,9,0.50,6
CVCCVVCCVV,10,1.00,6
VCVVCVVVCV,10,0.43,6
VCVVVCVCVV,10,0.43,6
VCVVVVVCVV,10,0.25,6
VVCVVVVCVV,10,0.25,6
VVVVCVVCVV,10,0.25,6
CVCVCVCVVVC,11,0.83,6
CVCVCVCVVVV,11,0.57,6
CVCVVVVVCVV,11,0.38,6
CVVVVVVCVVV,11,0.22,6
CVVVVVVVVVV,11,0.10,6
VCVVVVCVVVV,11,0.22,6
VVCVVVVCVVV,11,0.22,6
VVCVVVVVVVV,11,0.10,6
VVVCVCVCVVV,11,0.38,6
VVVCVVVVCVV,11,0.22,6
VVVVVVVCVVV,11,0.10,6
CCCVCC,6,5.00,5
VVVCCC,6,1.00,5
CCVCVCVV,8,1.00,5
CCVVCVVC,8,1.00,5
VCVVCCVV,8,0.60,5
VVCCCVVV,8,0.60,5
VVVCCVVC,8,0.60,5
VVVVCCVC,8,0.60,5
CVCCVCVCV,9,1.25,5
CVCCVVVCV,9,0.80,5
CVVCCVCVV,9,0.80,5
CVVCCVVCV,9,0.80,5
CVVVVCCVV,9,0.50,5
VCVCVVCVV,9,0.50,5
VCVVCVVVC,9,0.50,5
VCVVVVVVC,9,0.29,5
VVCCVVCVC,9,0.80,5
CCVCVVCCVC,10,1.50,5
CVVCVCVCVV,10,0.67,5
CVVVCCVVVC,10,0.67,5
CVVVVCVVCV,10,0.43,5
CVVVVCVVVC,10,0.43,5
VCVVCVVCVV,10,0.43,5
VCVVCVVVVV,10,0.25,5
VCVVVCVVCV,10,0.43,5
VCVVVVCVCV,10,0.43,5
VCVVVVVVCV,10,0.25,5
VCVVVVVVVV,10,0.11,5
VVCCVCVVVV,10,0.43,5
VVCVVVVVVC,10,0.25,5
VVVCVVVCVV,10,0.25,5
VVVCVVVVVC,10,0.25,5
VVVVCCVVCV,10,0.43,5
VVVVVCVCVV,10,0.25,5
VVVVVCVVCV,10,0.25,5
VVVVVVCVCV,10,0.25,5
VVVVVVVVVC,10,0.11,5
CVCVVVVCVCV,11,0.57,5
CVVVCVCVVVV,11,0.38,5
VVVCVVVVVVV,11,0.10,5
VVVVCVVVCVV,11,0.22,5
VVVVVCVVVVV,11,0.10,5
VVVVVVVVVCV,11,0.10,5
CVCVCVVVCVVV,12,0.50,5
CVCVVVCVVVVV,12,0.33,5
VVVVVVVVVVVV,12,0.00,5
CCCVVC,6,2.00,4
VCCCVC,6,2.00,4
CCCVCVC,7,2.50,4
CVCCCVC,7,2.50,4
VCCCVVV,7,0.75,4
VVVCCCV,7,0.75,4
CCVCCVCV,8,1.67,4
CCVCCVVC,8,1.67,4
CCVCVCVC,8,1.67,4
CCVCVVVV,8,0.60,4
CCVVVVVC,8,0.60,4
CCVVVVVV,8,0.33,4
CVCVVVCC,8,1.00,4
VCCVCVVC,8,1.00,4
VCCVVCVC,8,1.00,4
CCVVCCVVV,9,0.80,4
CCVVVVVVC,9,0.50,4
CVCCVCVVC,9,1.25,4
CVCVCVCCV,9,1.25,4
CVCVVCVVC,9,0.80,4
CVVCVCCVC,9,1.25,4
VCCVVVCCV,9,0.80,4
VCCVVVCVV,9,0.50,4
VCCVVVVCV,9,0.50,4
VCVVCVCVV,9,0.50,4
VVCCVCVCV,9,0.80,4
VVCVCCVVV,9,0.50,4
VVVCCVVCV,9,0.50,4
VVVCCVVVC,9,0.50,4
VVVCVVCCV,9,0.50,4
VVVVVCCVV,9,0.29,4
VVVVVVCCV,9,0.29,4
CVCCCVVCVV,10,1.00,4
CVCVCVVCVV,10,0.67,4
CVCVVCVVCV,10,0.67,4
CVCVVCVVVC,10,0.67,4
CVVCVCCVVV,10,0.67,4
CVVCVVCVCV,10,0.67,4
CVVCVVVCVC,10,0.67,4
CVVVVCCVVV,10,0.43,4
CVVVVVVCVC,10,0.43,4
VCVCVCVCVV,10,0.67,4
VCVVCVCVVV,10,0.43,4
VCVVVCVVVV,10,0.25,4
VVCVCCVCCV,10,1.00,4
VVVCVCVVVC,10,0.43,4
VVVVCVVVVC,10,0.25,4
VVVVVVVCVC,10,0.25,4
CVCCCVVCVVV,11,0.83,4
CVCVCVCVCVV,11,0.83,4
CVCVCVVCVCV,11,0.83,4
CVCVVVCVVVC,11,0.57,4
CVCVVVVCVVV,11,0.38,4
CVCVVVVVVCV,11,0.38,4
CVVCVCVVCVV,11,0.57,4
CVVCVCVVVCV,11,0.57,4
CVVCVCVVVVV,11,0.38,4
CVVVCVVCVCV,11,0.57,4
CVVVCVVCVVV,11,0.38,4
CVVVVVCVCVV,11,0.38,4
CVVVVVCVVCV,11,0.38,4
VCVCVVVVVVV,11,0.22,4
VVCVCVVVVCV,11,0.38,4
VVVCVVVCVCV,11,0.38,4
VVVVCVCVCVV,11,0.38,4
VVVVCVVVVVV,11,0.10,4
VVVVVVCVVCV,11,0.22,4
VVVVVVCVVVV,11,0.10,4
CVCVCVVCVCVV,12,0.71,4
CVCVVVCVCVVV,12,0.50,4
CVVVCVVVCVVV,12,0.33,4
VVVCVCVVCVVV,12,0.33,4
VVVVCVCVCVVV,12,0.33,4
CCCCV,5,4.00,3
CCCVVVV,7,0.75,3
CCVVVCC,7,1.33,3
VCCVVCC,7,1.33,3
VVCCVCC,7,1.33,3
CCCVCCVV,8,1.67,3
VCVCCVVC,8,1.00,3
VCVVCCVC,8,1.00,3
VVCVCVCC,8,1.00,3
CCVCVVCVC,9,1.25,3
CCVCVVVCV,9,0.80,3
CCVCVVVVV,9,0.50,3
CCVVCVCVV,9,0.80,3
CCVVVCCVC,9,1.25,3
CCVVVCCVV,9,0.80,3
CCVVVCVCV,9,0.80,3
CCVVVCVVV,9,0.50,3
CVCCCVVCV,9,1.25,3
CVCCVVCVC,9,1.25,3
CVVVCCVVC,9,0.80,3
VCCVCVVVC,9,0.80,3
VCCVVCVVV,9,0.50,3
VCCVVVCVC,9,0.80,3
VCVCCVCVC,9,1.25,3
VCVCCVVCV,9,0.80,3
VCVCCVVVV,9,0.50,3
VCVVVVCCV,9,0.50,3
VVVCCVCVC,9,0.80,3
VVVCCVVVV,9,0.29,3
VVVCVCCVC,9,0.80,3
VVVVCVCCV,9,0.50,3
VVVVVCVVC,9,0.29,3
CCVVVCCVVV,10,0.67,3
CVCCVCCVVV,10,1.00,3
CVCVCCVVVV,10,0.67,3
CVCVVCCVCV,10,1.00,3
CVCVVVCCVC,10,1.00,3
CVVCCVVCVV,10,0.67,3
CVVCCVVVCV,10,0.67,3
CVVCVVVVVC,10,0.43,3
CVVVCVCVVC,10,0.67,3
CVVVVCVCCV,10,0.67,3
VCVCVCVVCV,10,0.67,3
VCVCVCVVVV,10,0.43,3
VCVCVVCVCV,10,0.67,3
VCVCVVCVVV,10,0.43,3
VCVVCVCVCV,10,0.67,3
VCVVVVVCVC,10,0.43,3
VVCCVCVVVC,10,0.67,3
VVCVCVVCVV,10,0.43,3
VVCVCVVVVC,10,0.43,3
VVVCVCVCCV,10,0.67,3
VVVCVCVCVV,10,0.43,3
VVVCVVCVCV,10,0.43,3
VVVVCVCVCV,10,0.43,3
VVVVVCVCVC,10,0.43,3
CVCVCVVVCVV,11,0.57,3
CVCVVCVCVCV,11,0.83,3
CVCVVCVVVVV,11,0.38,3
CVCVVVVVVVV,11,0.22,3
CVVCVCVCVCV,11,0.83,3
CVVCVVVVCVV,11,0.38,3
CVVCVVVVVCV,11,0.38,3
CVVVCVCVCCV,11,0.83,3
CVVVCVVVVCV,11,0.38,3
CVVVVCVCVVV,11,0.38,3
CVVVVCVVCVV,11,0.38,3
CVVVVVCVVVV,11,0.22,3
CVVVVVVVCVV,11,0.22,3
CVVVVVVVVCV,11,0.22,3
VCVCVVVVCVV,11,0.38,3
VCVVVVVCVCV,11,0.38,3
VCVVVVVVCVC,11,0.38,3
VCVVVVVVVVV,11,0.10,3
VVCVCVCVCVV,11,0.57,3
VVCVVCVCVCV,11,0.57,3
VVCVVVVVVCV,11,0.22,3
VVVCVVCVVVV,11,0.22,3
VVVCVVVVCVC,11,0.38,3
VVVCVVVVVCV,11,0.22,3
VVVVCCVVVVV,11,0.22,3
VVVVCVVVVCV,11,0.22,3
VVVVVCVVVCV,11,0.22,3
VVVVVVVCVCV,11,0.22,3
CVCVVVVVCVVV,12,0.33,3
CVVCVCVVCVVV,12,0.50,3
CVVCVCVVVVVV,12,0.33,3
CVVVCVVVVVVV,12,0.20,3
CVVVVCVVVVCV,12,0.33,3
CVVVVCVVVVVV,12,0.20,3
CVVVVVVVCVVV,12,0.20,3
VCVVVCVCVVVV,12,0.33,3
VCVVVVVCVVVV,12,0.20,3
VVCVCVCVVCVV,12,0.50,3
VVCVCVVVCVVV,12,0.33,3
VVVCVCCVVVCV,12,0.50,3
VVVVCVVVVVVV,12,0.09,3
VVVVVCVCVVVV,12,0.20,3
VVVVVVVCVVVV,12,0.09,3
CVCVCVCVVVCVV,13,0.62,3
VVCVVVCVCVCVC,13,0.62,3
VVVVVVVVCVVVV,13,0.08,3
CCVCCC,6,5.00,2
VCCVCC,6,2.00,2
CCCVCVV,7,1.33,2
CCCVVCC,7,2.50,2
CCCVVCV,7,1.33,2
CCCVVVC,7,1.33,2
VCCCCVV,7,1.33,2
VCVCCCV,7,1.33,2
CCCVVCCV,8,1.67,2
CCCVVCVV,8,1.00,2
CCVCVCCV,8,1.67,2
CCVCVVCC,8,1.67,2
CCVVVVCC,8,1.00,2
CVCCCVVC,8,1.67,2
CVCVCVCC,8,1.67,2
CVVCVVCC,8,1.00,2
CVVVCCCV,8,1.00,2
VCCCVVVV,8,0.60,2
VCCVCCVC,8,1.67,2
VCCVVCCV,8,1.00,2
VCVCCVCC,8,1.67,2
VCVVCVCC,8,1.00,2
VVCCVVCC,8,1.00,2
VVCVVVCC,8,0.60,2
VVVCVVCC,8,0.60,2
CCVCCVCCV,9,2.00,2
CCVCCVVCV,9,1.25,2
CCVCCVVVV,9,0.80,2
CCVCVCCVC,9,2.00,2
CCVCVCVCV,9,1.25,2
CCVCVCVVV,9,0.80,2
CCVVCCCVV,9,1.25,2
CCVVCVVCV,9,0.80,2
CCVVCVVVV,9,0.50,2
CVCCCVVVV,9,0.80,2
CVCCVVCCV,9,1.25,2
CVVCCCVVV,9,0.80,2
CVVCCVCCV,9,1.25,2
CVVCCVCVC,9,1.25,2
CVVVCCCVV,9,0.80,2
CVVVVCCVC,9,0.80,2
VCCVCCVVV,9,0.80,2
VCCVCVCVC,9,1.25,2
VCCVCVCVV,9,0.80,2
VCCVVCCVV,9,0.80,2
VCVCVCVVC,9,0.80,2
VCVCVVVVC,9,0.50,2
VCVVVVCVC,9,0.50,2
VVCCCVVVV,9,0.50,2
VVCCVCCVC,9,1.25,2
VVCCVVCCV,9,0.80,2
VVCCVVVVC,9,0.50,2
VVCVCVCCV,9,0.80,2
VVCVVCCVV,9,0.50,2
VVVCCVCVV,9,0.50,2
VVVCVCCVV,9,0.50,2
VVVVCCVVC,9,0.50,2
VVVVCCVVV,9,0.29,2
VVVVVCCVC,9,0.50,2
CCVCCVCCVV,10,1.50,2
CCVCVCCVCV,10,1.50,2
CCVVCVCCVV,10,1.00,2
CCVVVVCVVV,10,0.43,2
CCVVVVVCVV,10,0.43,2
CCVVVVVVCV,10,0.43,2
CVCCVCVCVC,10,1.50,2
CVCCVCVVVC,10,1.00,2
CVCCVCVVVV,10,0.67,2
CVCCVVCVVV,10,0.67,2
CVCCVVVCCV,10,1.00,2
CVCCVVVVCV,10,0.67,2
CVCVCCVVVC,10,1.00,2
CVCVCVCCVC,10,1.50,2
CVCVCVCVVC,10,1.00,2
CVCVCVVCVC,10,1.00,2
CVCVVCCVVV,10,0.67,2
CVCVVVVCVC,10,0.67,2
CVVCCVVVVV,10,0.43,2
CVVCVVCCVV,10,0.67,2
CVVVCCVCVV,10,0.67,2
CVVVCCVVVV,10,0.43,2
CVVVCVVVVC,10,0.43,2
CVVVVVVCCV,10,0.43,2
CVVVVVVVVC,10,0.25,2
VCCVCCVCCV,10,1.50,2
VCCVCVVVCV,10,0.67,2
VCCVVVCVVV,10,0.43,2
VCVCVCVCVC,10,1.00,2
VCVVVCCVCV,10,0.67,2
VCVVVCVCVC,10,0.67,2
VVCCCVVCVV,10,0.67,2
VVCCVCVVCV,10,0.67,2
VVCCVVVVVC,10,0.43,2
VVCVCCVCVV,10,0.67,2
VVCVCVCVVC,10,0.67,2
VVCVVCVVCV,10,0.43,2
VVVCCVVCVV,10,0.43,2
VVVVCVVCVC,10,0.43,2
VVVVVCCVVV,10,0.25,2
VVVVVVCVVC,10,0.25,2
CVCCCVVCCVV,11,1.20,2
CVCCVCVCVCV,11,1.20,2
CVCCVVCCVVV,11,0.83,2
CVCCVVCVVVV,11,0.57,2
CVCCVVVVVCV,11,0.57,2
CVCVCVCVVCV,11,0.83,2
CVCVCVVCVVV,11,0.57,2
CVCVCVVVVVV,11,0.38,2
CVCVVCVVVCV,11,0.57,2
CVCVVVCVVCV,11,0.57,2
CVCVVVCVVVV,11,0.38,2
CVVCVCCVVCV,11,0.83,2
CVVCVCVCVVV,11,0.57,2
CVVCVVCVCVV,11,0.57,2
CVVCVVVCCVV,11,0.57,2
CVVVVCCVCVV,11,0.57,2
CVVVVCVCVCV,11,0.57,2
CVVVVCVVVCV,11,0.38,2
CVVVVVCVCVC,11,0.57,2
VCVCVCVCVCV,11,0.83,2
VCVCVVVCVCV,11,0.57,2
VCVCVVVCVVV,11,0.38,2
VCVCVVVVVCV,11,0.38,2
VCVVCVCVCVV,11,0.57,2
VCVVCVVCVVV,11,0.38,2
VCVVVCVCVCV,11,0.57,2
VCVVVCVCVVV,11,0.38,2
VCVVVCVVVCV,11,0.38,2
VCVVVCVVVVV,11,0.22,2
VCVVVVCVVCV,11,0.38,2
VCVVVVVVCVV,11,0.22,2
VVCVCCVVVCV,11,0.57,2
VVCVCVCVVVV,11,0.38,2
VVCVCVVVVVC,11,0.38,2
VVCVCVVVVVV,11,0.22,2
VVCVVCVCVVV,11,0.38,2
VVCVVVCVCCV,11,0.57,2
VVCVVVCVCVV,11,0.38,2
VVCVVVCVVCV,11,0.38,2
VVCVVVCVVVC,11,0.38,2
VVCVVVCVVVV,11,0.22,2
VVCVVVVVCVV,11,0.22,2
VVVCVCVCVCV,11,0.57,2
VVVCVCVVVCV,11,0.38,2
VVVCVCVVVVV,11,0.22,2
VVVCVVCVCVC,11,0.57,2
VVVCVVCVCVV,11,0.38,2
VVVCVVVCCVV,11,0.38,2
VVVVCCVVVCV,11,0.38,2
VVVVCVCVVCV,11,0.38,2
VVVVCVVCVVV,11,0.22,2
VVVVCVVVVVC,11,0.22,2
VVVVVCVCVCV,11,0.38,2
VVVVVCVCVVV,11,0.22,2
VVVVVVVVCVC,11,0.22,2
VVVVVVVVCVV,11,0.10,2
CVCVCVCVCVCV,12,1.00,2
CVCVCVVVVVVV,12,0.33,2
CVCVVCVVVVVV,12,0.33,2
CVCVVVCVCVCV,12,0.71,2
CVCVVVVVCVCV,12,0.50,2
CVVCVCVVCVCV,12,0.71,2
CVVCVVCVCVCV,12,0.71,2
CVVCVVVVCVCV,12,0.50,2
CVVCVVVVCVVV,12,0.33,2
CVVVCVVCVCVV,12,0.50,2
CVVVVCVCVVVV,12,0.33,2
CVVVVVCVCVVV,12,0.33,2
CVVVVVCVVVCV,12,0.33,2
CVVVVVCVVVVV,12,0.20,2
CVVVVVVVVVVV,12,0.09,2
VCVCVVVCCVCV,12,0.71,2
VCVVCVCVCVCV,12,0.71,2
VCVVVCVCVVCV,12,0.50,2
VCVVVVVVVVCV,12,0.20,2
VVCVCVCVVVCV,12,0.50,2
VVCVCVVVCVCV,12,0.50,2
VVCVCVVVVVCV,12,0.33,2
VVCVVVCVVVVV,12,0.20,2
VVCVVVVCVVVV,12,0.20,2
VVCVVVVVCVVV,12,0.20,2
VVCVVVVVVVCV,12,0.20,2
VVVCVCVVCVCV,12,0.50,2
VVVCVCVVVVVV,12,0.20,2
VVVCVVCVVCVV,12,0.33,2
VVVCVVVVCVCV,12,0.33,2
VVVCVVVVCVVV,12,0.20,2
VVVCVVVVVVVV,12,0.09,2
VVVVVVCVCVVV,12,0.20,2
CVCVCVVVVVVCV,13,0.44,2
CVCVCVVVVVVVV,13,0.30,2
CVCVVCVVVVVVV,13,0.30,2
CVCVVVCCVVCVV,13,0.62,2
VCCVVVVVCCVVV,13,0.44,2
VCVVVCCVCVVVV,13,0.44,2
VVCVCVVCVVCVV,13,0.44,2
VVCVVVVVVVCVV,13,0.18,2
VVVCVCVCVVVCV,13,0.44,2
VVVVVVVVVCVVV,13,0.08,2
CVCVCVCVCVVVVV,14,0.56,2
CVVCVVVVVVVCVV,14,0.27,2
CVVVVVVVVVVVVV,14,0.08,2
CVVVCVCVCVCVVCV,15,0.67,2
VVVVVVVVVVVCVCVVV,17,0.13,2
CVVVVVCVVVCVVVCVVV,18,0.29,2
CCCC,4,C-only,1
CCCCVC,6,5.00,1
CCCCVV,6,2.00,1
CVCCCC,6,5.00,1
CVVCCC,6,2.00,1
CCCCVVC,7,2.50,1
CCVCVCC,7,2.50,1
CVCCCCV,7,2.50,1
CVVVCCC,7,1.33,1
VCCCVCV,7,1.33,1
VCCCVVC,7,1.33,1
CCCVVCVC,8,1.67,1
CCVVCCCV,8,1.67,1
CCVVCCVC,8,1.67,1
CCVVCVCC,8,1.67,1
CCVVVCCC,8,1.67,1
CVCCCVCV,8,1.67,1
CVVCCCCV,8,1.67,1
CVVVVVCC,8,0.60,1
VCCCCVVV,8,1.00,1
VCCVCCVV,8,1.00,1
VCCVCVCC,8,1.67,1
VCCVVCCC,8,1.67,1
VCVCCCVV,8,1.00,1
VVCCCVCV,8,1.00,1
VVCCCVVC,8,1.00,1
VVCVCCCV,8,1.00,1
VVVCCVCC,8,1.00,1
VVVVCVCC,8,0.60,1
CCCVCCVVC,9,2.00,1
CCCVCVCVC,9,2.00,1
CCCVCVVVV,9,0.80,1
CCCVVCVVC,9,1.25,1
CCCVVCVVV,9,0.80,1
CCCVVVCVC,9,1.25,1
CCVCCVVVC,9,1.25,1
CCVCVCVCC,9,2.00,1
CCVCVVCVV,9,0.80,1
CCVCVVVVC,9,0.80,1
CCVVCCVVC,9,1.25,1
CCVVCVCCV,9,1.25,1
CCVVCVCVC,9,1.25,1
CCVVCVVVC,9,0.80,1
CCVVVCVVC,9,0.80,1
CCVVVVCVV,9,0.50,1
CVCCCVCVV,9,1.25,1
CVCCVCCVC,9,2.00,1
CVCCVCCVV,9,1.25,1
CVCCVVVCC,9,1.25,1
CVCVCCCVC,9,2.00,1
CVCVCCCVV,9,1.25,1
CVCVCCVVC,9,1.25,1
CVCVVCCVC,9,1.25,1
CVCVVCVCC,9,1.25,1
CVCVVVVCC,9,0.80,1
CVVCVCVCC,9,1.25,1
CVVVCCCVC,9,1.25,1
CVVVVCCCV,9,0.80,1
VCCCVCCVV,9,1.25,1
VCCVCCVCV,9,1.25,1
VCCVCVVCV,9,0.80,1
VCCVCVVVV,9,0.50,1
VCCVVCVCV,9,0.80,1
VCVCCCVCV,9,1.25,1
VCVCCVCCV,9,1.25,1
VCVCCVCVV,9,0.80,1
VCVCCVVVC,9,0.80,1
VCVCVCCVV,9,0.80,1
VCVCVVCVC,9,0.80,1
VCVVCCVCV,9,0.80,1
VCVVCCVVV,9,0.50,1
VCVVVCCVC,9,0.80,1
VCVVVCCVV,9,0.50,1
VVCCCVVVC,9,0.80,1
VVCCVCCVV,9,0.80,1
VVCCVCVVC,9,0.80,1
VVCVCVVCC,9,0.80,1
VVCVVCCCV,9,0.80,1
VVCVVVCCV,9,0.50,1
VVCVVVVCC,9,0.50,1
VVVCCCVVV,9,0.50,1
VVVCVCVCC,9,0.80,1
VVVCVCVVC,9,0.50,1
VVVVVCVCC,9,0.50,1
CCCVCVVVCV,10,1.00,1
CCCVVCVCVV,10,1.00,1
CCCVVCVVCV,10,1.00,1
CCCVVVCVCC,10,1.50,1
CCVCCCVVCV,10,1.50,1
CCVCCVCVCV,10,1.50,1
CCVCCVVCCV,10,1.50,1
CCVCCVVCVV,10,1.00,1
CCVCCVVVCV,10,1.00,1
CCVCCVVVVV,10,0.67,1
CCVCVCCCVV,10,1.50,1
CCVCVCCVVV,10,1.00,1
CCVCVCVCVV,10,1.00,1
CCVCVVCCVV,10,1.00,1
CCVCVVVCVV,10,0.67,1
CCVCVVVVVC,10,0.67,1
CCVVCCVVVV,10,0.67,1
CCVVCVCVCV,10,1.00,1
CCVVCVCVVV,10,0.67,1
CCVVCVVVCV,10,0.67,1
CCVVVCVCVC,10,1.00,1
CCVVVCVVCV,10,0.67,1
CCVVVCVVVV,10,0.43,1
CCVVVVCVCV,10,0.67,1
CCVVVVVVVV,10,0.25,1
CVCCCVVCCC,10,2.33,1
CVCCCVVVCV,10,1.00,1
CVCCCVVVVC,10,1.00,1
CVCCCVVVVV,10,0.67,1
CVCCVCVCCV,10,1.50,1
CVCCVCVVCV,10,1.00,1
CVCCVVVCVV,10,0.67,1
CVCVCCVCVC,10,1.50,1
CVCVCVVCCV,10,1.00,1
CVCVCVVVVC,10,0.67,1
CVCVVCCCVC,10,1.50,1
CVCVVCVCCV,10,1.00,1
CVCVVCVCVC,10,1.00,1
CVCVVVCCVV,10,0.67,1
CVCVVVCVVC,10,0.67,1
CVCVVVVCCV,10,0.67,1
CVVCCCVCVV,10,1.00,1
CVVCCCVVCV,10,1.00,1
CVVCCVCCVV,10,1.00,1
CVVCCVVVVC,10,0.67,1
CVVCVCVCCV,10,1.00,1
CVVCVCVCVC,10,1.00,1
CVVCVVCCVC,10,1.00,1
CVVCVVCVVC,10,0.67,1
CVVVCCVCVC,10,1.00,1
CVVVCCVVCV,10,0.67,1
CVVVCVCCVV,10,0.67,1
CVVVCVCVCC,10,1.00,1
CVVVCVVCCV,10,0.67,1
CVVVVVCCVC,10,0.67,1
CVVVVVCCVV,10,0.43,1
CVVVVVVVCC,10,0.43,1
VCCCVCVCVV,10,1.00,1
VCCVCCVCVV,10,1.00,1
VCCVCVCVCV,10,1.00,1
VCCVCVVCVC,10,1.00,1
VCCVCVVCVV,10,0.67,1
VCCVCVVVVV,10,0.43,1
VCCVVVCCVC,10,1.00,1
VCCVVVCCVV,10,0.67,1
VCCVVVVCCV,10,0.67,1
VCCVVVVCVV,10,0.43,1
VCCVVVVVVC,10,0.43,1
VCCVVVVVVV,10,0.25,1
VCVCCVCVCV,10,1.00,1
VCVCVCCVCV,10,1.00,1
VCVCVVCVVC,10,0.67,1
VCVCVVVCVC,10,0.67,1
VCVCVVVCVV,10,0.43,1
VCVCVVVVVC,10,0.43,1
VCVCVVVVVV,10,0.25,1
VCVVCCVCCV,10,1.00,1
VCVVCCVVVC,10,0.67,1
VCVVCCVVVV,10,0.43,1
VCVVCVCCVV,10,0.67,1
VCVVCVVCVC,10,0.67,1
VCVVCVVVVC,10,0.43,1
VCVVVCVCCV,10,0.67,1
VCVVVCVVVC,10,0.43,1
VCVVVVCCVV,10,0.43,1
VCVVVVCVVC,10,0.43,1
VVCCCVVVVV,10,0.43,1
VVCCVCCVVC,10,1.00,1
VVCCVCVCVV,10,0.67,1
VVCCVVCVVV,10,0.43,1
VVCCVVVCVV,10,0.43,1
VVCCVVVVVV,10,0.25,1
VVCVCCVVCV,10,0.67,1
VVCVCCVVVC,10,0.67,1
VVCVCCVVVV,10,0.43,1
VVCVCVCCVC,10,1.00,1
VVCVVCCVVV,10,0.43,1
VVCVVCVCVC,10,0.67,1
VVCVVVCVVC,10,0.43,1
VVCVVVVCVC,10,0.43,1
VVVCCVCCVC,10,1.00,1
VVVCCVCVVV,10,0.43,1
VVVCCVVCCV,10,0.67,1
VVVCCVVVCV,10,0.43,1
VVVCCVVVVV,10,0.25,1
VVVCVVCVVC,10,0.43,1
VVVCVVVCVC,10,0.43,1
VVVVCCVVVV,10,0.25,1
VVVVCVCCVC,10,0.67,1
VVVVCVVCCV,10,0.43,1
VVVVVCVCCV,10,0.43,1
VVVVVVCCVC,10,0.43,1
VVVVVVCCVV,10,0.25,1
VVVVVVVCCV,10,0.25,1
CCCVCVVVCVC,11,1.20,1
CCVCCCVVCVV,11,1.20,1
CCVCCCVVVVV,11,0.83,1
CCVCCVCCVVV,11,1.20,1
CCVCCVVVVVV,11,0.57,1
CCVCVCVVVVV,11,0.57,1
CCVCVVCVCVV,11,0.83,1
CCVCVVVCVVV,11,0.57,1
CCVVCVCCVVV,11,0.83,1
CCVVCVVCVVV,11,0.57,1
CCVVCVVVCVV,11,0.57,1
CCVVCVVVVCC,11,0.83,1
CCVVVCCVVVV,11,0.57,1
CCVVVCVVVCC,11,0.83,1
CCVVVCVVVVV,11,0.38,1
CCVVVVCVCVC,11,0.83,1
CVCCCCCVVVV,11,1.20,1
CVCCCVCCVVV,11,1.20,1
CVCCCVCVVVV,11,0.83,1
CVCCCVVVCVC,11,1.20,1
CVCCCVVVVVV,11,0.57,1
CVCCVCCVVVC,11,1.20,1
CVCCVCVVCVV,11,0.83,1
CVCCVVVCCVV,11,0.83,1
CVCCVVVVCVV,11,0.57,1
CVCCVVVVVVV,11,0.38,1
CVCVCCCCVVC,11,1.75,1
CVCVCCVCVVV,11,0.83,1
CVCVCCVVVCV,11,0.83,1
CVCVCCVVVVV,11,0.57,1
CVCVCVCVCVC,11,1.20,1
CVCVCVVCCCV,11,1.20,1
CVCVCVVVCCV,11,0.83,1
CVCVVCCVCVC,11,1.20,1
CVCVVCCVVVC,11,0.83,1
CVCVVCCVVVV,11,0.57,1
CVCVVCVCCVV,11,0.83,1
CVCVVCVCVVC,11,0.83,1
CVCVVCVCVVV,11,0.57,1
CVCVVCVVCCV,11,0.83,1
CVCVVCVVCVC,11,0.83,1
CVCVVVCCVCV,11,0.83,1
CVCVVVCVCCV,11,0.83,1
CVCVVVCVCVV,11,0.57,1
CVCVVVVCCVC,11,0.83,1
CVCVVVVVCCV,11,0.57,1
CVCVVVVVCVC,11,0.57,1
CVVCCCVVCVV,11,0.83,1
CVVCCVVCCCV,11,1.20,1
CVVCCVVCVVV,11,0.57,1
CVVCCVVVVCV,11,0.57,1
CVVCVCVVCCV,11,0.83,1
CVVCVVCVCCV,11,0.83,1
CVVCVVVVVVV,11,0.22,1
CVVVCCCCVCC,11,1.75,1
CVVVCCVCVCV,11,0.83,1
CVVVCCVCVVV,11,0.57,1
CVVVCCVVCVV,11,0.57,1
CVVVCCVVVVV,11,0.38,1
CVVVCVCVCVC,11,0.83,1
CVVVCVCVVCV,11,0.57,1
CVVVCVVCCVV,11,0.57,1
CVVVCVVCVVC,11,0.57,1
CVVVCVVVCVC,11,0.57,1
CVVVCVVVVVC,11,0.38,1
CVVVVCCVVCV,11,0.57,1
CVVVVCCVVVV,11,0.38,1
CVVVVCVCVVC,11,0.57,1
CVVVVCVVVCC,11,0.57,1
CVVVVVCCVVV,11,0.38,1
CVVVVVVVVCC,11,0.38,1
CVVVVVVVVVC,11,0.22,1
VCCCVVVVCVV,11,0.57,1
VCCVCVCVCCV,11,1.20,1
VCCVCVVCVVV,11,0.57,1
VCCVVVCVVCV,11,0.57,1
VCCVVVVVVVV,11,0.22,1
VCVCCVVVVVC,11,0.57,1
VCVCVCCVCCV,11,1.20,1
VCVCVCCVVVC,11,0.83,1
VCVCVCVCVVV,11,0.57,1
VCVCVCVVCVC,11,0.83,1
VCVVCCVVVCV,11,0.57,1
VCVVCVCVVCV,11,0.57,1
VCVVCVVCVCV,11,0.57,1
VCVVCVVVCCV,11,0.57,1
VCVVCVVVCVV,11,0.38,1
VCVVCVVVVCV,11,0.38,1
VCVVCVVVVVC,11,0.38,1
VCVVVCVVCVV,11,0.38,1
VCVVVCVVVVC,11,0.38,1
VCVVVVCVCVC,11,0.57,1
VCVVVVVCVVV,11,0.22,1
VCVVVVVVCCV,11,0.38,1
VCVVVVVVVCV,11,0.22,1
VCVVVVVVVVC,11,0.22,1
VVCCVCCVCCV,11,1.20,1
VVCCVCCVVVV,11,0.57,1
VVCCVVVCCVC,11,0.83,1
VVCCVVVVVCV,11,0.38,1
VVCVCCVCVVV,11,0.57,1
VVCVCCVVCVV,11,0.57,1
VVCVCVCVCVC,11,0.83,1
VVCVCVCVVCV,11,0.57,1
VVCVCVCVVVC,11,0.57,1
VVCVCVVVCVC,11,0.57,1
VVCVCVVVCVV,11,0.38,1
VVCVVCVVVVC,11,0.38,1
VVCVVCVVVVV,11,0.22,1
VVCVVVCVCVC,11,0.57,1
VVCVVVVCCVC,11,0.57,1
VVCVVVVCVCV,11,0.38,1
VVCVVVVVVVC,11,0.22,1
VVVCCCVVVVC,11,0.57,1
VVVCCVVVVCV,11,0.38,1
VVVCVCCVCVV,11,0.57,1
VVVCVCCVVVC,11,0.57,1
VVVCVCCVVVV,11,0.38,1
VVVCVCVCCVC,11,0.83,1
VVVCVCVVCVC,11,0.57,1
VVVCVVCCVCV,11,0.57,1
VVVCVVCVCCV,11,0.57,1
VVVCVVCVVCV,11,0.38,1
VVVCVVCVVVC,11,0.38,1
VVVCVVVVVVC,11,0.22,1
VVVVCCVCVVV,11,0.38,1
VVVVCCVVCVV,11,0.38,1
VVVVCVCVCCV,11,0.57,1
VVVVCVCVVVC,11,0.38,1
VVVVCVVCVCV,11,0.38,1
VVVVCVVCVVC,11,0.38,1
VVVVVCCVCVV,11,0.38,1
VVVVVCCVVCV,11,0.38,1
VVVVVCCVVVV,11,0.22,1
VVVVVCVCVVC,11,0.38,1
VVVVVCVVCVV,11,0.22,1
VVVVVVCVCVV,11,0.22,1
VVVVVVVVVVC,11,0.10,1
CCCCVCVVCCVV,12,1.40,1
CCCVVVCVCCVC,12,1.40,1
CCVCCCVCCVVV,12,1.40,1
CCVCCCVCVCVC,12,2.00,1
CCVCVVCVVVVC,12,0.71,1
CCVVCCVVVVVC,12,0.71,1
CCVVCVCVVCVC,12,1.00,1
CCVVCVVCCVVV,12,0.71,1
CVCCVCCVVCCV,12,1.40,1
CVCCVCVCCVVV,12,1.00,1
CVCCVCVVCCVC,12,1.40,1
CVCCVCVVCVCV,12,1.00,1
CVCCVCVVVVVC,12,0.71,1
CVCCVVCCVCVC,12,1.40,1
CVCCVVCVVVCV,12,0.71,1
CVCCVVVVCVVV,12,0.50,1
CVCCVVVVVCVC,12,0.71,1
CVCCVVVVVVVV,12,0.33,1
CVCVCCVCVCVV,12,1.00,1
CVCVCCVVVVCC,12,1.00,1
CVCVCVCVCVVV,12,0.71,1
CVCVCVCVVVCV,12,0.71,1
CVCVCVVVCCVV,12,0.71,1
CVCVCVVVCVCC,12,1.00,1
CVCVVCCVVCCV,12,1.00,1
CVCVVCVCVCVC,12,1.00,1
CVCVVCVVCVCV,12,0.71,1
CVCVVCVVCVVV,12,0.50,1
CVCVVVCCVCVV,12,0.71,1
CVCVVVCVVVCC,12,0.71,1
CVCVVVVCVVVV,12,0.33,1
CVCVVVVVVCVV,12,0.33,1
CVCVVVVVVVVV,12,0.20,1
CVVCCVVVCCVV,12,0.71,1
CVVCCVVVCVVC,12,0.71,1
CVVCVCVCVCVV,12,0.71,1
CVVCVCVCVVCV,12,0.71,1
CVVCVCVCVVVV,12,0.50,1
CVVCVVCCVVVV,12,0.50,1
CVVCVVCVCCVV,12,0.71,1
CVVCVVCVCVVV,12,0.50,1
CVVCVVCVVCVV,12,0.50,1
CVVCVVCVVVVC,12,0.50,1
CVVCVVCVVVVV,12,0.33,1
CVVCVVVCVVVV,12,0.33,1
CVVCVVVVVCVC,12,0.50,1
CVVCVVVVVVCV,12,0.33,1
CVVVCCVVVVCC,12,0.71,1
CVVVCVCCVVCV,12,0.71,1
CVVVCVCVCVVV,12,0.50,1
CVVVCVCVVVCV,12,0.50,1
CVVVCVCVVVVC,12,0.50,1
CVVVCVVVCVCV,12,0.50,1
CVVVCVVVVCVC,12,0.50,1
CVVVVCCVCVVV,12,0.50,1
CVVVVCCVVCVV,12,0.50,1
CVVVVCCVVVCV,12,0.50,1
CVVVVCCVVVVC,12,0.50,1
CVVVVCVCVCVV,12,0.50,1
CVVVVCVCVVCV,12,0.50,1
CVVVVCVCVVVC,12,0.50,1
CVVVVCVVCVCV,12,0.50,1
CVVVVCVVCVVV,12,0.33,1
CVVVVCVVVCVV,12,0.33,1
CVVVVVCCVVCV,12,0.50,1
CVVVVVCVVVVC,12,0.33,1
CVVVVVVCVCCV,12,0.50,1
CVVVVVVCVCVV,12,0.33,1
CVVVVVVCVVVV,12,0.20,1
CVVVVVVVVVCV,12,0.20,1
VCCVCCVVVCVV,12,0.71,1
VCCVCVCVVVVC,12,0.71,1
VCCVCVVCVVVV,12,0.50,1
VCVCCVVVVVVV,12,0.33,1
VCVCVCCVCCVC,12,1.40,1
VCVCVCCVCVVV,12,0.71,1
VCVCVCVCCVCV,12,1.00,1
VCVCVCVCVCVC,12,1.00,1
VCVCVCVVCVVV,12,0.50,1
VCVCVVCVCVCV,12,0.71,1
VCVCVVCVVCVV,12,0.50,1
VCVCVVVCVVCV,12,0.50,1
VCVCVVVVCVCV,12,0.50,1
VCVCVVVVVCVV,12,0.33,1
VCVCVVVVVVVV,12,0.20,1
VCVVCVCVCCVC,12,1.00,1
VCVVCVVCVVCV,12,0.50,1
VCVVCVVVVVCV,12,0.33,1
VCVVVCVVCVVV,12,0.33,1
VCVVVVCVCVVV,12,0.33,1
VCVVVVVVCVVV,12,0.20,1
VVCCCVCVCCVV,12,1.00,1
VVCCVCCVCVCV,12,1.00,1
VVCCVCVCVVVV,12,0.50,1
VVCCVCVVVVVV,12,0.33,1
VVCCVVVVCCVV,12,0.50,1
VVCCVVVVCVVC,12,0.50,1
VVCVCCVCVCCV,12,1.00,1
VVCVCCVVVVVV,12,0.33,1
VVCVCVCVCCVC,12,1.00,1
VVCVCVCVVVVV,12,0.33,1
VVCVCVVCVCVV,12,0.50,1
VVCVCVVCVVCV,12,0.50,1
VVCVCVVCVVVV,12,0.33,1
VVCVVCVCCCVV,12,0.71,1
VVCVVCVCVCVC,12,0.71,1
VVCVVCVCVVVC,12,0.50,1
VVCVVCVCVVVV,12,0.33,1
VVCVVVCCVVVV,12,0.33,1
VVCVVVCVCVVV,12,0.33,1
VVCVVVCVVCVV,12,0.33,1
VVCVVVCVVVCV,12,0.33,1
VVCVVVVVVVVV,12,0.09,1
VVVCCVCCCCVV,12,1.00,1
VVVCCVCVVVVV,12,0.33,1
VVVCCVVVCVVV,12,0.33,1
VVVCVCVCVVCV,12,0.50,1
VVVCVCVVVCVC,12,0.50,1
VVVCVVCCVCVC,12,0.71,1
VVVCVVCVCVCV,12,0.50,1
VVVCVVCVVCVC,12,0.50,1
VVVCVVCVVVCV,12,0.33,1
VVVCVVCVVVVV,12,0.20,1
VVVCVVVCVVCV,12,0.33,1
VVVCVVVCVVVV,12,0.20,1
VVVCVVVVVCVV,12,0.20,1
VVVCVVVVVVCV,12,0.20,1
VVVVCCVCCVVC,12,0.71,1
VVVVCCVCVCCV,12,0.71,1
VVVVCCVCVVVC,12,0.50,1
VVVVCCVVVVCV,12,0.33,1
VVVVCVCCVCVV,12,0.50,1
VVVVCVCVVVCC,12,0.50,1
VVVVCVCVVVCV,12,0.33,1
VVVVCVVCVCVV,12,0.33,1
VVVVCVVVCCVV,12,0.33,1
VVVVCVVVCVCV,12,0.33,1
VVVVCVVVCVVV,12,0.20,1
VVVVCVVVVCVC,12,0.33,1
VVVVCVVVVCVV,12,0.20,1
VVVVCVVVVVCV,12,0.20,1
VVVVVCVVVVVC,12,0.20,1
VVVVVVCVCVCV,12,0.33,1
VVVVVVCVVVCV,12,0.20,1
VVVVVVVCVCVV,12,0.20,1
VVVVVVVCVVCV,12,0.20,1
VVVVVVVVCVCV,12,0.20,1
VVVVVVVVVCVC,12,0.20,1
CVCCCVVCCCVVV,13,1.17,1
CVCCVVCCCVVCV,13,1.17,1
CVCCVVCCVCVVV,13,0.86,1
CVCCVVVCVCCVC,13,1.17,1
CVCVCVCCVCVCV,13,1.17,1
CVCVCVCVCVCVV,13,0.86,1
CVCVCVCVVVVCV,13,0.62,1
CVCVCVCVVVVVV,13,0.44,1
CVCVCVVCVCVCV,13,0.86,1
CVCVCVVCVCVVV,13,0.62,1
CVCVCVVVCVCVV,13,0.62,1
CVCVCVVVCVVCV,13,0.62,1
CVCVVCCVVCVVC,13,0.86,1
CVCVVCVCCVVVV,13,0.62,1
CVCVVCVVCVVVV,13,0.44,1
CVCVVVCVVCVCV,13,0.62,1
CVCVVVCVVCVVV,13,0.44,1
CVCVVVCVVVVVV,13,0.30,1
CVCVVVVVCVVVV,13,0.30,1
CVCVVVVVVCVCV,13,0.44,1
CVCVVVVVVVVVV,13,0.18,1
CVVCVCVCVCVCV,13,0.86,1
CVVCVCVCVVCVV,13,0.62,1
CVVCVVCVCVCVV,13,0.62,1
CVVCVVCVVVVCV,13,0.44,1
CVVCVVCVVVVVV,13,0.30,1
CVVCVVVCCVVVV,13,0.44,1
CVVVCVCVCVCVV,13,0.62,1
CVVVCVCVVCVCV,13,0.62,1
CVVVCVCVVVVCV,13,0.44,1
CVVVCVCVVVVVV,13,0.30,1
CVVVCVVVCVCVV,13,0.44,1
CVVVCVVVVVVCV,13,0.30,1
CVVVVCVCCVVVV,13,0.44,1
CVVVVCVCVVVVV,13,0.30,1
CVVVVCVVCVVVV,13,0.30,1
CVVVVVCCVCVVV,13,0.44,1
CVVVVVCVCVCVV,13,0.44,1
CVVVVVCVCVVVC,13,0.44,1
CVVVVVCVVCVVV,13,0.30,1
CVVVVVCVVVCVC,13,0.44,1
CVVVVVCVVVVCV,13,0.30,1
CVVVVVVVCVCVC,13,0.44,1
CVVVVVVVCVCVV,13,0.30,1
CVVVVVVVCVVCV,13,0.30,1
CVVVVVVVVVVCV,13,0.18,1
VCCVVCVVCCVVC,13,0.86,1
VCCVVCVVVVCCV,13,0.62,1
VCVCVCVCVVVVV,13,0.44,1
VCVCVVCVVVVCV,13,0.44,1
VCVCVVVCVCVVV,13,0.44,1
VCVCVVVVCVVCV,13,0.44,1
VCVCVVVVVCCVV,13,0.44,1
VCVCVVVVVVVCV,13,0.30,1
VCVVCVCVVVVVV,13,0.30,1
VCVVVCVVVVVVV,13,0.18,1
VCVVVVVCVVVVV,13,0.18,1
VCVVVVVVVCVVV,13,0.18,1
VCVVVVVVVVCVV,13,0.18,1
VVCCCVVCVCVVC,13,0.86,1
VVCCVVVVCVVCV,13,0.44,1
VVCVCCVCVCVVV,13,0.62,1
VVCVCCVCVVVVV,13,0.44,1
VVCVCCVVVCVVV,13,0.44,1
VVCVCVCVCVVCV,13,0.62,1
VVCVCVCVVCVCV,13,0.62,1
VVCVCVCVVVVCV,13,0.44,1
VVCVVCCVVVVVC,13,0.44,1
VVCVVVCVCVVCV,13,0.44,1
VVCVVVCVVCVVV,13,0.30,1
VVCVVVVVVCVVV,13,0.18,1
VVVCCVCCVCVCV,13,0.86,1
VVVCCVVCCVCVV,13,0.62,1
VVVCVCVCVCVCV,13,0.62,1
VVVCVCVCVVVVV,13,0.30,1
VVVCVVCVVCVCV,13,0.44,1
VVVCVVVCVVVCV,13,0.30,1
VVVCVVVVCVCCV,13,0.44,1
VVVCVVVVVCVCV,13,0.30,1
VVVCVVVVVCVVC,13,0.30,1
VVVCVVVVVVVVV,13,0.08,1
VVVVCVCVCCVVV,13,0.44,1
VVVVCVCVCVVVV,13,0.30,1
VVVVCVCVVVVVV,13,0.18,1
VVVVCVVVCCVVC,13,0.44,1
VVVVCVVVCVVCV,13,0.30,1
VVVVCVVVVVVVV,13,0.08,1
VVVVVCVCVVVVV,13,0.18,1
VVVVVCVVCVCVV,13,0.30,1
VVVVVCVVVCVCV,13,0.30,1
VVVVVVCCVCVVV,13,0.30,1
VVVVVVCVCVVCV,13,0.30,1
VVVVVVCVVVCVV,13,0.18,1
VVVVVVCVVVVCV,13,0.18,1
VVVVVVVCVVCVV,13,0.18,1
VVVVVVVCVVVVV,13,0.08,1
VVVVVVVVVVVCV,13,0.08,1
CCVVCCVVVCCVCV,14,1.00,1
CCVVCVVCVVCCVV,14,0.75,1
CVCVCVCVVVVVCV,14,0.56,1
CVCVCVVCVVCVCV,14,0.75,1
CVCVCVVVCVCVVV,14,0.56,1
CVCVCVVVVVCVVV,14,0.40,1
CVCVVCVCVCVCVC,14,1.00,1
CVCVVCVCVVCVCV,14,0.75,1
CVCVVCVVVVVCVV,14,0.40,1
CVCVVVCVCVCVCV,14,0.75,1
CVCVVVCVCVCVVV,14,0.56,1
CVCVVVCVVVVVVV,14,0.27,1
CVCVVVVVCVCVVV,14,0.40,1
CVCVVVVVCVVVVC,14,0.40,1
CVVCCVVCVVVCVV,14,0.56,1
CVVCVCVCVVCVCV,14,0.75,1
CVVCVCVCVVCVVV,14,0.56,1
CVVCVCVVVVVCVC,14,0.56,1
CVVCVVCVVVCVVV,14,0.40,1
CVVCVVVCVVCVVV,14,0.40,1
CVVCVVVVVCVVCV,14,0.40,1
CVVCVVVVVVCVCV,14,0.40,1
CVVVCCVCVVCVVV,14,0.56,1
CVVVCVCCVCVCVV,14,0.75,1
CVVVCVCVVCVCVV,14,0.56,1
CVVVVCVVVVCCVV,14,0.40,1
CVVVVCVVVVVVCV,14,0.27,1
CVVVVCVVVVVVVV,14,0.17,1
CVVVVVCCVCVVCV,14,0.56,1
CVVVVVCVCVCVCV,14,0.56,1
CVVVVVCVCVVCVV,14,0.40,1
CVVVVVVVCVCVVV,14,0.27,1
VCVCVVVVVCVCVV,14,0.40,1
VCVVCVVCVVCVVC,14,0.56,1
VCVVCVVVCVVVVV,14,0.27,1
VCVVVVVVVVVCVV,14,0.17,1
VCVVVVVVVVVVVC,14,0.17,1
VVCVCVCVVCVCVC,14,0.75,1
VVCVCVVCVVCVCV,14,0.56,1
VVCVCVVVVCVVVV,14,0.27,1
VVCVVCVCVVVVVV,14,0.27,1
VVCVVVCVVCVCVV,14,0.40,1
VVCVVVCVVVCVVV,14,0.27,1
VVVCVCVCVCCVVV,14,0.56,1
VVVCVCVVCVCVVV,14,0.40,1
VVVCVVCVVCVCVV,14,0.40,1
VVVCVVCVVCVVCV,14,0.40,1
VVVCVVCVVVCVVV,14,0.27,1
VVVCVVVCVVVVCV,14,0.27,1
VVVCVVVCVVVVVV,14,0.17,1
VVVCVVVVCCVCVC,14,0.56,1
VVVCVVVVCCVVCV,14,0.40,1
VVVCVVVVCVVCVV,14,0.27,1
VVVCVVVVVCVVCV,14,0.27,1
VVVCVVVVVVCVVV,14,0.17,1
VVVVCVCVCVCVVV,14,0.40,1
VVVVCVCVCVVVCV,14,0.40,1
VVVVCVVCVVVVVC,14,0.27,1
VVVVCVVVVVCVVV,14,0.17,1
VVVVCVVVVVVVCV,14,0.17,1
VVVVVCVCVVVVCV,14,0.27,1
VVVVVVCVVCVVVC,14,0.27,1
VVVVVVVCVVVVVV,14,0.08,1
CVCCVCVCVVCVCVV,15,0.88,1
CVCCVCVVCVVCCVC,15,1.14,1
CVCCVVVVCVCVVVV,15,0.50,1
CVCCVVVVCVVCVVV,15,0.50,1
CVCVCVCVCVCVVVV,15,0.67,1
CVCVCVCVVVCVCVV,15,0.67,1
CVCVCVVVVVVVVCV,15,0.36,1
CVCVVCVCVCVVVVV,15,0.50,1
CVCVVCVVVVVVVCV,15,0.36,1
CVVCVVVCCVVVVVV,15,0.36,1
CVVCVVVVVVVVVVC,15,0.25,1
CVVVCVVVCVVCVVV,15,0.36,1
CVVVCVVVCVVVVVV,15,0.25,1
CVVVCVVVVCVCVVV,15,0.36,1
CVVVCVVVVVCVVVV,15,0.25,1
CVVVVCVVVVCVCVC,15,0.50,1
CVVVVCVVVVVVVVV,15,0.15,1
CVVVVVCVVVVVVVV,15,0.15,1
CVVVVVVVVVVCVCV,15,0.25,1
VCVCCVCCVVVCVVV,15,0.67,1
VCVCVCVCVVVVCVC,15,0.67,1
VCVCVCVVVCVVCVV,15,0.50,1
VCVCVVVVVCVCVCV,15,0.50,1
VCVVVCVVVVVVVCV,15,0.25,1
VCVVVVVCVVVVCVV,15,0.25,1
VCVVVVVCVVVVVCV,15,0.25,1
VVCVCCVVCVCVVCV,15,0.67,1
VVCVCVVVCVCVVCV,15,0.50,1
VVCVCVVVVVVCVVV,15,0.25,1
VVCVVVCVVVVVVCV,15,0.25,1
VVCVVVVVCVVVVVV,15,0.15,1
VVCVVVVVVCVVVVV,15,0.15,1
VVVCVVCVVVCVVCV,15,0.36,1
VVVVCVVCVCVVVVV,15,0.25,1
VVVVCVVVCVVVCVV,15,0.25,1
VVVVVCVCVCVVVVC,15,0.36,1
VVVVVVCVVVVVCVC,15,0.25,1
VVVVVVVVCCVVCVV,15,0.25,1
VVVVVVVVVVVVCVV,15,0.07,1
CCVVCVCCVVVVCVCV,16,0.78,1
CVCCVVCVCVCVVCVV,16,0.78,1
CVCVCVVVVVVVVVVV,16,0.23,1
CVCVVCVCVVVCVVCV,16,0.60,1
CVCVVCVVCVVCVCVC,16,0.78,1
CVCVVVCVCVVVCVCV,16,0.60,1
CVCVVVVVVVVVCVVV,16,0.23,1
CVVCVCVCVVCVCVVV,16,0.60,1
CVVCVCVVCVCCVVVV,16,0.60,1
CVVCVVCVVVVVCVVC,16,0.45,1
CVVCVVVCVVCVVVVV,16,0.33,1
CVVVCVCVVCVVCVVV,16,0.45,1
CVVVCVVCCVVCVCVV,16,0.60,1
CVVVCVVVCVVVCVCV,16,0.45,1
CVVVCVVVVCCCVCVC,16,0.78,1
CVVVVCCVCVCCVCVV,16,0.78,1
CVVVVVVVVCVVVVVV,16,0.14,1
VCVCVVVCVVVCVVVV,16,0.33,1
VCVVCCVVVCVVVCVC,16,0.60,1
VCVVVCVCVCVCVVCV,16,0.60,1
VVCVCVCCVVVVVVVV,16,0.33,1
VVCVVVCVVCVCVVVC,16,0.45,1
VVVVCCVVVVCVVVCV,16,0.33,1
VVVVCVCVCVVVVVCV,16,0.33,1
VVVVCVVVVVVVCVVV,16,0.14,1
VVVVVVCVVVCVCVCV,16,0.33,1
CVCVCVVVCVCVVVVCV,17,0.55,1
CVVCVCCVVVCVVVVCV,17,0.55,1
CVVCVVCVVVCCVCVVV,17,0.55,1
CVVVVVVCVVCVVVVVV,17,0.21,1
VVCVVVCVVCVVVCVCV,17,0.42,1
VVVCVCVVVVVVVCVVV,17,0.21,1
VVVVVVVVCVVVVVCVV,17,0.13,1
CVVCVVVVVVVVVVVVVV,18,0.12,1
VVCVCVCVCVCVCVCVCV,18,0.80,1
VVVVCCVVVVCVVVCVVV,18,0.29,1
CVCVCCVCVVVCVCVVVCV,19,0.73,1
VCCVCCVCVVVCVCVVVCV,19,0.73,1
VVVCVVVVVVVVVCVVVVV,19,0.12,1
VVVVCVCVVVVCVCVCVVV,19,0.36,1
CVVCCVVVVVVVCVCVVCVCC,21,0.62,1
CVVCVVVVVCVCVVCVCVCVVV,22,0.47,1
